1.儿科学（名词解释）<br><br>,<b>正确答案：略</b><hr>解析：略,儿科学_绪论
2.新生儿期（名词解释）<br><br>,<b>正确答案：略</b><hr>解析：略,儿科学_绪论
3.围生期（名词解释）<br><br>,<b>正确答案：略</b><hr>解析：略,儿科学_绪论
1.根据小儿生长发育不同阶段的特点，将小儿年龄划分为七个时期，分别是胎儿期、____、____、____、学龄前期、____、青春期。（填空题）<br><br>,<b>正确答案：新生儿期、婴儿期、幼儿期、学龄期</b><hr>解析：略,儿科学_绪论
2.小儿生长发育的两个高峰期是____和____。（填空题）<br><br>,<b>正确答案：婴儿期、青春期</b><hr>解析：略,儿科学_绪论
2.小儿生长发育最快的时期是<br><br>A.新生儿期<br>B.婴儿期<br>C.幼儿期<br>D.学龄期<br>E.围产期,<b>正确答案：B</b><hr>解析：略,儿科学_绪论
3.通常所说的幼儿是指<br><br>A.0~12个月的小儿<br>B.1~12个月的小儿<br>C.6~12个月的小儿<br>D.0~24个月的小儿<br>E.0~36个月的小儿,<b>正确答案：E</b><hr>解析：略,儿科学_绪论
4.目前我国采用的围生期定义是<br><br>A.自胚胎形成至出生后7天内<br>B.自妊娠20周（此时胎儿体重约500g）至出生后7天内<br>C.自妊娠20周（此时胎儿体重约500g）至出生后28天内<br>D.自妊娠28周（此时胎儿体重约1000g）至出生后7天内<br>E.自妊娠28周（此时胎儿体重约1000g）至出生后28天内,<b>正确答案：D</b><hr>解析：略,儿科学_绪论
5.关于小儿年龄分期，下列哪项是错的<br><br>A.胎儿期：从受精卵开始至胎儿出生为止<br>B.新生儿期：胎儿出生脐带结扎到满28天<br>C.婴儿期：自出生30天后到满1周岁前<br>D.幼儿期：自1周岁后到满3周岁前<br>E.学龄前期：自3周岁后到6~7岁入学前,<b>正确答案：C</b><hr>解析：略,儿科学_绪论
6.关于新生儿期的特点，不正确的是<br><br>A.死亡率高<br>B.发病率高<br>C.适应能力较差<br>D.生活力较差<br>E.各器官功能发育完善,<b>正确答案：E</b><hr>解析：略,儿科学_绪论
7.造成幼儿易患呼吸道感染的原因是<br><br>A.血清中lgA缺乏<br>B.分泌型lgA缺乏<br>C.血清中lgG缺乏<br>D.血清中lgM缺乏<br>E.细胞免疫功能低下,<b>正确答案：B</b><hr>解析：略,儿科学_绪论
8.以下哪一项不属儿科学的研究范畴<br><br>A.研究儿童的生长规律<br>B.研究儿童的发育和行为<br>C.研究提高儿童身心健康水平的方法<br>D.研究儿童对人类社会的影响<br>E.研究提高儿童疾病防治质量的方法,<b>正确答案：D</b><hr>解析：略,儿科学_绪论
9.以下描述符合婴儿期特点的是<br><br>A.消化系统发育趋完善<br>B.对营养需求不高<br>C.语言发育迅速<br>D.营养紊乱少见<br>E.免疫功能未成熟，抗感染能力弱，易发生感染性疾病,<b>正确答案：E</b><hr>解析：略,儿科学_绪论
10.有关儿科学的特点，以下哪一种说法不正确<br><br>A.随着年龄的增长，儿童身体各部位的比例也不断变化<br>B.不同年龄期的儿童具有不同的生理和生化正常指标<br>C.婴幼儿代谢旺盛，对营养供应的要求高，消化、吸收功能好<br>D.婴幼儿的免疫功能发育尚不完善<br>E.儿童时期心理和行为的可塑性非常强,<b>正确答案：C</b><hr>解析：略,儿科学_绪论
11.新生儿期是指（共用备选答案：A.从生后到1周岁之前 B.从生后脐带结扎到28天内 C.1岁至满3岁之前 D.3岁至6~7岁小学入学前 E.6~7岁至青春期）<br><br>A.从生后到1周岁之前<br>B.从生后脐带结扎到28天内<br>C.1岁至满3岁之前<br>D.3岁至6~7岁小学入学前<br>E.6~7岁至青春期,<b>正确答案：B</b><hr>解析：略,儿科学_绪论
12.幼儿期是指（共用备选答案：A.从生后到1周岁之前 B.从生后脐带结扎到28天内 C.1岁至满3岁之前 D.3岁至6~7岁小学入学前 E.6~7岁至青春期）<br><br>A.从生后到1周岁之前<br>B.从生后脐带结扎到28天内<br>C.1岁至满3岁之前<br>D.3岁至6~7岁小学入学前<br>E.6~7岁至青春期,<b>正确答案：C</b><hr>解析：略,儿科学_绪论
13.学龄前期是指（共用备选答案：A.从生后到1周岁之前 B.从生后脐带结扎到28天内 C.1岁至满3岁之前 D.3岁至6~7岁小学入学前 E.6~7岁至青春期）<br><br>A.从生后到1周岁之前<br>B.从生后脐带结扎到28天内<br>C.1岁至满3岁之前<br>D.3岁至6~7岁小学入学前<br>E.6~7岁至青春期,<b>正确答案：D</b><hr>解析：略,儿科学_绪论
14.胚胎期是指（共用备选答案：A.从形成受精卵到不满12周 B.从胎龄满28周到婴儿出生 C.从受精到最初8周 D.从胎龄第9周到出生 E.从胎龄满28周到生后7天）<br><br>A.从形成受精卵到不满12周<br>B.从胎龄满28周到婴儿出生<br>C.从受精到最初8周<br>D.从胎龄第9周到出生<br>E.从胎龄满28周到生后7天,<b>正确答案：C</b><hr>解析：略,儿科学_绪论
15.妊娠早期是指（共用备选答案：A.从形成受精卵到不满12周 B.从胎龄满28周到婴儿出生 C.从受精到最初8周 D.从胎龄第9周到出生 E.从胎龄满28周到生后7天）<br><br>A.从形成受精卵到不满12周<br>B.从胎龄满28周到婴儿出生<br>C.从受精到最初8周<br>D.从胎龄第9周到出生<br>E.从胎龄满28周到生后7天,<b>正确答案：A</b><hr>解析：略,儿科学_绪论
16.胎儿期是指（共用备选答案：A.从形成受精卵到不满12周 B.从胎龄满28周到婴儿出生 C.从受精到最初8周 D.从胎龄第9周到出生 E.从胎龄满28周到生后7天）<br><br>A.从形成受精卵到不满12周<br>B.从胎龄满28周到婴儿出生<br>C.从受精到最初8周<br>D.从胎龄第9周到出生<br>E.从胎龄满28周到生后7天,<b>正确答案：D</b><hr>解析：略,儿科学_绪论
17.妊娠晚期是指（共用备选答案：A.从形成受精卵到不满12周 B.从胎龄满28周到婴儿出生 C.从受精到最初8周 D.从胎龄第9周到出生 E.从胎龄满28周到生后7天）<br><br>A.从形成受精卵到不满12周<br>B.从胎龄满28周到婴儿出生<br>C.从受精到最初8周<br>D.从胎龄第9周到出生<br>E.从胎龄满28周到生后7天,<b>正确答案：B</b><hr>解析：略,儿科学_绪论
18.围生期是指（共用备选答案：A.从形成受精卵到不满12周 B.从胎龄满28周到婴儿出生 C.从受精到最初8周 D.从胎龄第9周到出生 E.从胎龄满28周到生后7天）<br><br>A.从形成受精卵到不满12周<br>B.从胎龄满28周到婴儿出生<br>C.从受精到最初8周<br>D.从胎龄第9周到出生<br>E.从胎龄满28周到生后7天,<b>正确答案：E</b><hr>解析：略,儿科学_绪论
19.儿童生长迅速，对营养物质需求量大，易发生消化系统疾病的时期是（共用备选答案：A.婴儿期 B.幼儿期 C.学龄前期 D.学龄期 E.青春期）<br><br>A.婴儿期<br>B.幼儿期<br>C.学龄前期<br>D.学龄期<br>E.青春期,<b>正确答案：A</b><hr>解析：略,儿科学_绪论
20.儿童语言、思维交往能力增强，但对各种危险的意识弱的时期是（共用备选答案：A.婴儿期 B.幼儿期 C.学龄前期 D.学龄期 E.青春期）<br><br>A.婴儿期<br>B.幼儿期<br>C.学龄前期<br>D.学龄期<br>E.青春期,<b>正确答案：B</b><hr>解析：略,儿科学_绪论
21.儿童生殖系统迅速发育，趋成熟的时期是（共用备选答案：A.婴儿期 B.幼儿期 C.学龄前期 D.学龄期 E.青春期）<br><br>A.婴儿期<br>B.幼儿期<br>C.学龄前期<br>D.学龄期<br>E.青春期,<b>正确答案：E</b><hr>解析：略,儿科学_绪论
22.儿童可以开始接受系统文化教育的时期是（共用备选答案：A.婴儿期 B.幼儿期 C.学龄前期 D.学龄期 E.青春期）<br><br>A.婴儿期<br>B.幼儿期<br>C.学龄前期<br>D.学龄期<br>E.青春期,<b>正确答案：D</b><hr>解析：略,儿科学_绪论
23.儿童体格发育稳步增长，智能发育更迅速的时期是（共用备选答案：A.婴儿期 B.幼儿期 C.学龄前期 D.学龄期 E.青春期）<br><br>A.婴儿期<br>B.幼儿期<br>C.学龄前期<br>D.学龄期<br>E.青春期,<b>正确答案：C</b><hr>解析：略,儿科学_绪论
1.影响生长发育的因素有____、____、____、生活环境、疾病和药物等。（填空题）<br><br>,<b>正确答案：遗传、营养、性别</b><hr>解析：略,儿科学_生长发育
2.测量体重的临床意义是____。（填空题）<br><br>,<b>正确答案：反映儿童体格生长与营养状况的指标</b><hr>解析：略,儿科学_生长发育
3.出生时前囟约为____cm，____岁闭合。（填空题）<br><br>,<b>正确答案：1~2、2</b><hr>解析：略,儿科学_生长发育
4.乳牙共____颗，萌出的时间最常见为____个月，全部出齐的时间为____岁前。（填空题）<br><br>,<b>正确答案：20、4~10、3</b><hr>解析：略,儿科学_生长发育
1.小儿生长发育的一般规律，下列哪项正确<br><br>A.先下后上<br>B.由远到近<br>C.由细到粗<br>D.先慢后快<br>E.由简单到复杂,<b>正确答案：E</b><hr>解析：略,儿科学_生长发育
2.评价营养状况最易取得的重要指标是<br><br>A.上臂围<br>B.腹壁皮下脂肪厚度<br>C.腹围<br>D.体重<br>E.胸围,<b>正确答案：D</b><hr>解析：略,儿科学_生长发育
3.4岁小儿平均体重约为<br><br>A.12kg<br>B.14kg<br>C.16kg<br>D.18kg<br>E.20kg,<b>正确答案：C</b><hr>解析：略,儿科学_生长发育
4.上部量和下部量相等的年龄是<br><br>A.6岁<br>B.8岁<br>C.10岁<br>D.12岁<br>E.14岁,<b>正确答案：D</b><hr>解析：略,儿科学_生长发育
5.新生儿出生的身长平均为<br><br>A.45cm<br>B.50cm<br>C.55cm<br>D.60cm<br>E.65cm,<b>正确答案：B</b><hr>解析：略,儿科学_生长发育
6.小儿运动发育，下列哪项是错误的<br><br>A.3个月时能抬头<br>B.6个月能独坐<br>C.4个月能爬<br>D.10~11个月能独站<br>E.12个月能走,<b>正确答案：C</b><hr>解析：略,儿科学_生长发育
7.正常1周岁小儿可萌出乳牙数约为<br><br>A.2~4颗<br>B.4~6颗<br>C.6~8颗<br>D.8~10颗<br>E.10~12颗,<b>正确答案：C</b><hr>解析：略,儿科学_生长发育
8.在儿童牙齿的发育过程中，以下哪些是错误的<br><br>A.乳牙共20颗<br>B.乳牙萌出的时间平均为4~10个月<br>C.2岁以内乳牙数=月龄-（4~6）<br>D.全副乳牙1岁半出齐<br>E.6岁左右开始出第一恒磨牙,<b>正确答案：D</b><hr>解析：略,儿科学_生长发育
9.小儿脊柱出现生理弯曲的时间是<br><br>A.第一个弯曲生后3个月，第二个弯曲生后6个月，第三个弯曲生后12个月<br>B.第一个弯曲生后4个月，第二个弯曲生后6个月，第三个弯曲生后12个月<br>C.第一个弯曲生后3个月，第二个弯曲生后8个月，第三个弯曲生后12个月<br>D.第一个弯曲生后3个月，第二个弯曲生后6个月，第三个弯曲生后10个月<br>E.第一个弯曲生后4个月，第二个弯曲生后8个月，第三个弯曲生后12个月,<b>正确答案：A</b><hr>解析：略,儿科学_生长发育
10.1岁婴儿，巴彬斯基征阳性，可能是<br><br>A.脑炎体征之一<br>B.脑膜炎早期<br>C.提示脑部疾患<br>D.提示脑发育不全<br>E.正常现象,<b>正确答案：E</b><hr>解析：略,儿科学_生长发育
11.上臂测量可以筛查5岁以下小儿的营养状况，营养不良时的臂围值为<br><br>A.<16.5cm<br>B.<15.5cm<br>C.<14.5cm<br>D.<13.5cm<br>E.<12.5cm,<b>正确答案：E</b><hr>解析：略,儿科学_生长发育
12.下列哪项符合婴儿运动发育规律<br><br>A.7个月会坐，将玩具从一手换到另一手<br>B.8个月俯卧位，勉强短暂抬头<br>C.9个月时独坐不稳，身体常前倾<br>D.1岁时刚会匍匐前进<br>E.2岁半刚会跑和上下楼梯,<b>正确答案：A</b><hr>解析：略,儿科学_生长发育
13.婴儿出现听觉定向反应最早的时间为<br><br>A.1个月<br>B.2个月<br>C.3~4个月<br>D.5~6个月<br>E.7个月,<b>正确答案：C</b><hr>解析：略,儿科学_生长发育
14.关于青春期发育，下列哪项不正确<br><br>A.青春期第二性征迅速发育<br>B.男性生殖器官包括睾丸、附睾、输精管等<br>C.女性生殖器官包括卵巢、子宫和乳房<br>D.月经初潮是女性性功能发育的主要指征<br>E.女孩14岁后、男孩16岁后无第二性征出现为性发育延迟,<b>正确答案：C</b><hr>解析：略,儿科学_生长发育
15.判断小儿体格生长最常用的指标是<br><br>A.智力发育情况<br>B.体重、身高、头围、胸围等<br>C.语言发育程度<br>D.运动能力<br>E.对外界的反应能力,<b>正确答案：B</b><hr>解析：略,儿科学_生长发育
16.关于头围与胸围的增长规律，下列哪项正确<br><br>A.初生时头围34厘米，胸围32厘米<br>B.6个月时头围等于胸围<br>C.2岁时头围50厘米，胸围大于头围<br>D.前3个月的增长量分别相当于后9个月的增长量<br>E.平均每月分别增长量约为0.5kg、2cm,<b>正确答案：A</b><hr>解析：略,儿科学_生长发育
17.下列头围与胸围情况中，最适合小儿发育的平均水平的是<br><br>A.初生时头围34厘米，胸围32厘米<br>B.初生时头围34厘米，胸围等于头围<br>C.1岁时头围46厘米，胸围大于头围<br>D.前6个月的增长量分别相当于后6个月的增长量<br>E.平均每月分别增长量约为0.5kg、1cm,<b>正确答案：C</b><hr>解析：略,儿科学_生长发育
18.用均值离差法评价儿童体格生长，正常范围一般指<br><br>A.均值上下1个标准差以内<br>B.均值上下2个标准差以内<br>C.均值上下3个标准差以内<br>D.均值上下4个标准差以内<br>E.均值上下5个标准差以内,<b>正确答案：B</b><hr>解析：略,儿科学_生长发育
19.一小儿，体重6kg，身长65cm，可独坐片刻，发出单音节，其年龄大约是<br><br>A.8个月<br>B.10个月<br>C.1岁<br>D.2岁<br>E.2岁10个月,<b>正确答案：A</b><hr>解析：略,儿科学_生长发育
20.2岁男孩营养发育中等，无慢性病史，未换牙，健康体检体重和身长最可能为<br><br>A.14kg，90cm<br>B.16kg，120cm<br>C.20kg，110cm<br>D.25kg，100cm<br>E.30kg，140cm,<b>正确答案：A</b><hr>解析：略,儿科学_生长发育
21.1岁头围测量为40cm，应考虑以下哪种疾病<br><br>A.脑膜炎<br>B.脑积水<br>C.佝偻病<br>D.大脑发育不全<br>E.颅内肿瘤,<b>正确答案：D</b><hr>解析：略,儿科学_生长发育
22.1岁男孩，体重9kg，身长75cm，头围46cm，关于其体格发育，下列说法正确的是<br><br>A.头围较大，应进行头部MRI检查<br>B.体重未达正常标准，应注意调整饮食，补充多种维生素<br>C.身高未达标准，应查骨龄<br>D.体重过高，注意节食<br>E.体格发育水平正常，无需进行特殊检查,<b>正确答案：E</b><hr>解析：略,儿科学_生长发育
23.女孩，身长65cm，体重7kg，前囟2cm，乳牙2颗，下列行为异常的是<br><br>A.不会独站<br>B.不能说简单句<br>C.不会抬头<br>D.会走<br>E.不认生,<b>正确答案：C</b><hr>解析：略,儿科学_生长发育
24.1个健康小儿，扶物站立但尚不能独立，可用拇示指捡起小木块，能区别语言的意义，但听不懂自己的名字，其最可能的年龄为<br><br>A.3个月<br>B.6个月<br>C.9个月<br>D.12个月<br>E.18个月,<b>正确答案：C</b><hr>解析：略,儿科学_生长发育
25.一婴儿，能认识母亲和陌生人，不能独坐。其年龄大约是<br><br>A.1~2个月<br>B.3~4个月<br>C.6个月<br>D.8~9个月<br>E.10~12个月,<b>正确答案：B</b><hr>解析：略,儿科学_生长发育
26.一小儿，体重6kg，身长49cm，能独坐片刻，发出单音节，其年龄大约是<br><br>A.8个月<br>B.10个月<br>C.1岁<br>D.2岁<br>E.2岁10个月,<b>正确答案：A</b><hr>解析：略,儿科学_生长发育
27.1个健康小儿，扶物站立但尚不能独立，可用拇示指捡起小木块，能区别语言的意义，但听不懂自己的名字，其最可能的年龄为<br><br>A.3个月<br>B.6个月<br>C.9个月<br>D.12个月<br>E.18个月,<b>正确答案：C</b><hr>解析：略,儿科学_生长发育
28.一婴儿，能认识母亲和陌生人，不能独坐。其年龄大约是<br><br>A.1~2个月<br>B.3~4个月<br>C.6个月<br>D.8~9个月<br>E.10~12个月,<b>正确答案：B</b><hr>解析：略,儿科学_生长发育
29.20个月女婴，营养状况良好，开始会用勺子吃饭，会指出简单的人、物名和图片，能双脚跳，其头围大约为（共用题干）<br><br>A.36cm<br>B.38cm<br>C.40cm<br>D.46cm<br>E.48cm,<b>正确答案：E</b><hr>解析：略,儿科学_生长发育
30.20个月女婴，营养状况良好，开始会用勺子吃饭，会指出简单的人、物名和图片，能双脚跳，女孩的身长约为（共用题干）<br><br>A.50cm<br>B.65cm<br>C.70cm<br>D.80cm<br>E.85cm,<b>正确答案：E</b><hr>解析：略,儿科学_生长发育
31.20个月女婴，营养状况良好，开始会用勺子吃饭，会指出简单的人、物名和图片，能双脚跳，如拍摄腕部X片，可显示几个骨化中心（共用题干）<br><br>A.0<br>B.1<br>C.2~3<br>D.4<br>E.5,<b>正确答案：C</b><hr>解析：略,儿科学_生长发育
32.20个月女婴，营养状况良好，开始会用勺子吃饭，会指出简单的人、物名和图片，能双脚跳，该女孩最可能的年龄是（共用题干）<br><br>A.1.5岁<br>B.2岁<br>C.3岁<br>D.3.5岁<br>E.4岁,<b>正确答案：B</b><hr>解析：略,儿科学_生长发育
33.前囟隆起且有紧张感常见于（共用备选答案：A.佝偻病 B.水肿 C.小头畸形 D.脱水 E.脑膜炎）<br><br>A.佝偻病<br>B.水肿<br>C.小头畸形<br>D.脱水<br>E.脑膜炎,<b>正确答案：E</b><hr>解析：略,儿科学_生长发育
34.前囟早闭常见于（共用备选答案：A.佝偻病 B.水肿 C.小头畸形 D.脱水 E.脑膜炎）<br><br>A.佝偻病<br>B.水肿<br>C.小头畸形<br>D.脱水<br>E.脑膜炎,<b>正确答案：C</b><hr>解析：略,儿科学_生长发育
35.前囟凹陷常见于（共用备选答案：A.佝偻病 B.水肿 C.小头畸形 D.脱水 E.脑膜炎）<br><br>A.佝偻病<br>B.水肿<br>C.小头畸形<br>D.脱水<br>E.脑膜炎,<b>正确答案：D</b><hr>解析：略,儿科学_生长发育
36.前囟迟闭常见于（共用备选答案：A.佝偻病 B.水肿 C.小头畸形 D.脱水 E.脑膜炎）<br><br>A.佝偻病<br>B.水肿<br>C.小头畸形<br>D.脱水<br>E.脑膜炎,<b>正确答案：A</b><hr>解析：略,儿科学_生长发育
37.用于衡量小儿近期营养状况的重要指标为（共用备选答案：A.体重 B.身长 C.头围 D.前囟 E.坐高）<br><br>A.体重<br>B.身长<br>C.头围<br>D.前囟<br>E.坐高,<b>正确答案：A</b><hr>解析：略,儿科学_生长发育
38.判断小儿身材匀称与否，除测量身高外，还需测量（共用备选答案：A.体重 B.身长 C.头围 D.前囟 E.坐高）<br><br>A.体重<br>B.身长<br>C.头围<br>D.前囟<br>E.坐高,<b>正确答案：E</b><hr>解析：略,儿科学_生长发育
39.用于反映小儿大脑发育情况的重要指标为（共用备选答案：A.体重 B.身长 C.头围 D.前囟 E.坐高）<br><br>A.体重<br>B.身长<br>C.头围<br>D.前囟<br>E.坐高,<b>正确答案：C</b><hr>解析：略,儿科学_生长发育
40.淋巴系统的发育特点是（共用备选答案：A.发育最早 B.发育与体格生长相平行 C.发育较晚 D.在儿童期迅速发育，于青春期前达高峰，以后逐渐下降 E.有两个发育高峰期）<br><br>A.发育最早<br>B.发育与体格生长相平行<br>C.发育较晚<br>D.在儿童期迅速发育，于青春期前达高峰，以后逐渐下降<br>E.有两个发育高峰期,<b>正确答案：D</b><hr>解析：略,儿科学_生长发育
41.体格生长的发育特点是（共用备选答案：A.发育最早 B.发育与体格生长相平行 C.发育较晚 D.在儿童期迅速发育，于青春期前达高峰，以后逐渐下降 E.有两个发育高峰期）<br><br>A.发育最早<br>B.发育与体格生长相平行<br>C.发育较晚<br>D.在儿童期迅速发育，于青春期前达高峰，以后逐渐下降<br>E.有两个发育高峰期,<b>正确答案：E</b><hr>解析：略,儿科学_生长发育
42.神经系统的发育特点是（共用备选答案：A.发育最早 B.发育与体格生长相平行 C.发育较晚 D.在儿童期迅速发育，于青春期前达高峰，以后逐渐下降 E.有两个发育高峰期）<br><br>A.发育最早<br>B.发育与体格生长相平行<br>C.发育较晚<br>D.在儿童期迅速发育，于青春期前达高峰，以后逐渐下降<br>E.有两个发育高峰期,<b>正确答案：A</b><hr>解析：略,儿科学_生长发育
43.肌肉系统的发育特点是（共用备选答案：A.发育最早 B.发育与体格生长相平行 C.发育较晚 D.在儿童期迅速发育，于青春期前达高峰，以后逐渐下降 E.有两个发育高峰期）<br><br>A.发育最早<br>B.发育与体格生长相平行<br>C.发育较晚<br>D.在儿童期迅速发育，于青春期前达高峰，以后逐渐下降<br>E.有两个发育高峰期,<b>正确答案：B</b><hr>解析：略,儿科学_生长发育
44.生殖系统的发育特点是（共用备选答案：A.发育最早 B.发育与体格生长相平行 C.发育较晚 D.在儿童期迅速发育，于青春期前达高峰，以后逐渐下降 E.有两个发育高峰期）<br><br>A.发育最早<br>B.发育与体格生长相平行<br>C.发育较晚<br>D.在儿童期迅速发育，于青春期前达高峰，以后逐渐下降<br>E.有两个发育高峰期,<b>正确答案：C</b><hr>解析：略,儿科学_生长发育
1.简述前囟的临床意义。（简答题）<br><br>,<b>正确答案：除头围外，还可根据前囟闭合时间、囟门大小及张力来评价颅骨及脑的生长发育情况。</b><hr>解析：略,儿科学_生长发育
1.关于新生儿的保健，下列哪项不正确<br><br>A.生后1周内新生儿的保健是重中之重<br>B.进行新生儿疾病筛查<br>C.提倡母乳喂养，尽早开奶<br>D.保持环境适宜温度和湿度<br>E.注重早期的情感交流，尽可能增加婴儿与外来人员的接触,<b>正确答案：E</b><hr>解析：略,儿科学_儿童保健
2.脊髓灰质炎疫苗的初种年龄是<br><br>A.1个月<br>B.2个月<br>C.3个月<br>D.4个月<br>E.5个月,<b>正确答案：B</b><hr>解析：略,儿科学_儿童保健
3.关于接种百白破三联制剂的描述，下列哪项是错误的<br><br>A.出生3个月时初种<br>B.基础免疫需3次<br>C.接种方法为皮下注射<br>D.只需在7岁加强注射一次<br>E.初种剂量0.2~0.5ml,<b>正确答案：D</b><hr>解析：略,儿科学_儿童保健
4.下列哪种免疫球蛋白可通过胎盘<br><br>A.lgA<br>B.lgG<br>C.lgM<br>D.lgE<br>E.lgD,<b>正确答案：B</b><hr>解析：略,儿科学_儿童保健
5.出生后2个月小儿应接种的疫苗是<br><br>A.卡介苗<br>B.百、白、破三联苗<br>C.乙肝疫苗<br>D.脊髓灰质炎疫苗<br>E.麻疹减毒活疫苗,<b>正确答案：D</b><hr>解析：略,儿科学_儿童保健
6.卡介苗初种的时间一般为<br><br>A.初生<br>B.3个月<br>C.4~6个月<br>D.8~12个月<br>E.2岁,<b>正确答案：A</b><hr>解析：略,儿科学_儿童保健
7.在小儿计划免疫中，以下哪项不属基础免疫制品<br><br>A.卡介苗<br>B.百、白、破联合制剂<br>C.脊髓灰质炎疫苗<br>D.麻疹疫苗<br>E.乙脑疫苗,<b>正确答案：E</b><hr>解析：略,儿科学_儿童保健
8.1个半月的正常婴儿应已接种的疫苗为<br><br>A.脊髓灰质炎疫苗<br>B.卡介苗、乙肝疫苗<br>C.脊髓灰质炎疫苗、卡介苗<br>D.脊髓灰质炎疫苗、乙肝疫苗<br>E.百白破疫苗,<b>正确答案：B</b><hr>解析：略,儿科学_儿童保健
9.我国初次接种麻疹减毒活疫苗的时间为<br><br>A.4个月易感儿<br>B.5个月易感儿<br>C.6个月易感儿<br>D.7个月易感儿<br>E.8个月易感儿,<b>正确答案：E</b><hr>解析：略,儿科学_儿童保健
10.下列疾病不属于婴儿期保健的重点的是<br><br>A.缺铁性贫血<br>B.维生素D缺乏性佝偻病<br>C.营养不良<br>D.发育异常<br>E.自身免疫性疾病,<b>正确答案：E</b><hr>解析：略,儿科学_儿童保健
11.下列不是幼儿期保健的重点的是<br><br>A.平衡膳食<br>B.定期体检、预防龋齿<br>C.培养良好的生活习惯<br>D.完成基础免疫接种程序<br>E.预防意外伤害,<b>正确答案：B</b><hr>解析：略,儿科学_儿童保健
12.四岁小儿，两天前注射了丙种球蛋白，现儿保门诊通知要进行预防接种，该儿童不能接种的疫苗是<br><br>A.乙脑疫苗<br>B.流脑疫苗<br>C.霍乱疫苗<br>D.麻疹疫苗<br>E.脊髓灰质炎疫苗,<b>正确答案：D</b><hr>解析：略,儿科学_儿童保健
13.五个月的婴儿，生长发育良好，足月顺产，母乳喂养，一直按照预防接种程序进行接种。那么他现在有哪项疫苗没接种过<br><br>A.卡介苗<br>B.乙肝疫苗<br>C.麻疹减毒活疫苗<br>D.百白破混合苗<br>E.脊髓灰质炎疫苗,<b>正确答案：C</b><hr>解析：略,儿科学_儿童保健
14.四个月婴儿，昨日接种了百白破混合苗，今日有轻度发热，稍哭吵不安。查：体温38.2°C（肛表），右上臂外侧注射部位有轻微红肿。咽不充血，心肺无异常发现，下列哪项处理最恰当<br><br>A.暂不用药<br>B.口服抗生素<br>C.口服退热药<br>D.口服抗病毒药<br>E.同时口服抗生素和抗病毒药,<b>正确答案：A</b><hr>解析：略,儿科学_儿童保健
1.疫苗接种有哪些不良反应，应如何处理？（简答题）<br><br>,<b>正确答案：1.卡介苗接种后2周左右局部可红肿浸润，8~12周左右结痂，若形成小溃疡，腋窝淋巴结肿大，可局部处理防止感染扩散，但不可切开引流；2.脊髓灰质炎三价混合疫苗接种后有极少数发生腹泻，但多数可不治自愈；3.百白破疫苗接种后局部可红肿、疼痛、发痒，低热、疲倦等，偶见过敏性皮疹、血管神经性水肿，若全身反应严重，应及时到医院就诊；4.麻疹减毒活疫苗接种后，一般无反应，少数人在6~10日内出现轻微麻疹样症状，无需治疗即可痊愈；5.乙肝病毒疫苗接种后很少有不良反应，个别人可出现低热或局部胀痛，无需处理。</b><hr>解析：略,儿科学_儿童保健
1.下列小儿药物治疗特点哪项是错误的<br><br>A.小儿对药物的反应因年龄而异<br>B.小儿肝脏解毒功能不足<br>C.小儿肾脏的排泄功能不足<br>D.要考虑先天遗传因素<br>E.药物在组织中的分布和成人一样,<b>正确答案：E</b><hr>解析：略,儿科学_疾病治疗原则
2.在体格检查中，下列哪项是错误的<br><br>A.注意对患儿保暖<br>B.从头到足一定要按顺序检查<br>C.利用玩具哄逗小儿进行检查<br>D.检查时体位不必强求<br>E.对病情危重患儿宜先检查生命体征和与疾病有关部位,<b>正确答案：B</b><hr>解析：略,儿科学_疾病治疗原则
3.给患儿喂药时，下列哪项不妥<br><br>A.喂药时应将患儿抱起<br>B.从患儿嘴角将药徐徐喂入<br>C.对不合作患儿可捏住双侧鼻孔，以利吞咽<br>D.如患儿不咽时，可轻轻捏动双颊，使之吞咽<br>E.对不合作患儿，可用小勺轻轻压住舌头一侧，直至患儿将药物吞咽,<b>正确答案：C</b><hr>解析：略,儿科学_疾病治疗原则
4.儿童血压收缩压（mmHg）正常值的公式为<br><br>A.50+年龄×2<br>B.60+年龄×2<br>C.70+年龄×2<br>D.80+年龄×2<br>E.80+体重×2,<b>正确答案：D</b><hr>解析：略,儿科学_疾病治疗原则
5.判断婴幼儿为中度脱水，下述描述正确的是<br><br>A.失水量为体重的5%~10%<br>B.皮肤弹性尚可<br>C.眼窝轻度凹陷<br>D.尿量减少<br>E.血压降低,<b>正确答案：A</b><hr>解析：略,儿科学_疾病治疗原则
6.2:1等张含钠液的组成是<br><br>A.2份生理盐水，1份5%碳酸氢钠<br>B.2份葡萄糖，1份5%碳酸氢钠<br>C.2份葡萄糖，1份生理盐水<br>D.2份生理盐水，1份1.4%碳酸氢钠<br>E.2份葡萄糖，1份1.4%碳酸氢钠,<b>正确答案：D</b><hr>解析：略,儿科学_疾病治疗原则
7.低渗性脱水，下列哪项是错误的<br><br>A.皮肤弹性差<br>B.皮肤黏膜干燥，口渴明显<br>C.多发生于营养不良伴慢性腹泻儿童<br>D.脱水症状重，易于发生休克<br>E.失钠的比例大于失水,<b>正确答案：B</b><hr>解析：略,儿科学_疾病治疗原则
8.正常儿童Babinski征可呈阳性的年龄为<br><br>A.<6月<br>B.<1岁<br>C.<2岁<br>D.<3岁<br>E.<4岁,<b>正确答案：C</b><hr>解析：略,儿科学_疾病治疗原则
9.婴儿腹泻，轻度脱水，在无明显呕吐，腹胀时，第1天补液应首选<br><br>A.2:1液静点<br>B.3:2:1液静点<br>C.4:3:2液静点<br>D.ORS溶液口服<br>E.0.9%氯化钠液静点,<b>正确答案：D</b><hr>解析：略,儿科学_疾病治疗原则
10.腹泻重度脱水伴循环障碍时，首批输液首选<br><br>A.2:1等张含钠液20ml/kg<br>B.1/2张液40ml/kg<br>C.2/3张液50~60ml/kg<br>D.1/3张液20ml/kg<br>E.2/3张液20ml/kg,<b>正确答案：A</b><hr>解析：略,儿科学_疾病治疗原则
11.4:3:2含钠液的张力是<br><br>A.等张<br>B.1/2张<br>C.2/3张<br>D.1/3张<br>E.1/4张,<b>正确答案：C</b><hr>解析：略,儿科学_疾病治疗原则
12.婴儿腹泻中度脱水累积损失量的补充应是<br><br>A.30~80ml/kg<br>B.40~90ml/kg<br>C.50~100ml/kg<br>D.60~110ml/kg<br>E.70~120ml/kg,<b>正确答案：C</b><hr>解析：略,儿科学_疾病治疗原则
13.重度脱水的临床表现，不正确的是<br><br>A.失水量为50~100ml/kg<br>B.口腔黏膜极干燥<br>C.尿量极少或无尿<br>D.眼窝和前囟深凹<br>E.四肢冷,<b>正确答案：A</b><hr>解析：略,儿科学_疾病治疗原则
14.腹泻患儿输液中出现低钾可能有下列原因，但除外<br><br>A.利尿排钾<br>B.钾向细胞内转移<br>C.血液被稀释<br>D.糖原分解<br>E.从大便继续失钾,<b>正确答案：D</b><hr>解析：略,儿科学_疾病治疗原则
15.下列哪种液体是等张的<br><br>A.4:3:2含钠液<br>B.3:2:1含钠液<br>C.5%碳酸氢钠溶液<br>D.11.2%乳酸钠溶液<br>E.1.87%乳酸钠溶液,<b>正确答案：E</b><hr>解析：略,儿科学_疾病治疗原则
16.口服补液盐在下列情况中应用错误的是<br><br>A.无严重呕吐患儿<br>B.婴儿腹泻伴轻度脱水<br>C.交通不便经济落后的地区<br>D.用于补充继续损失量和生理需要量时不应稀释<br>E.婴儿腹泻伴中度脱水无严重呕吐者,<b>正确答案：D</b><hr>解析：略,儿科学_疾病治疗原则
1.简述2:3:1液的组成及张力。（简答题）<br><br>,<b>正确答案：2:3:1液由2份生理盐水、3份5%或10%葡萄糖液、1份1.4%碳酸氢钠或1.87%乳酸钠组成，张力为1/2张，用于等渗性脱水。</b><hr>解析：略,儿科学_疾病治疗原则
2.简述小儿用药剂量计算方法。（简答题）<br><br>,<b>正确答案：1.按体重计算：每日（或每次）剂量=体重（kg）×每日（或每次）每千克体重所需药量；2.按体表面积计算：体重≤30kg，小儿体表面积（m²）=体重（kg）×0.035+0.1；体重>30kg，小儿体表面积（m²）=（体重（kg）-30）×0.02+1.05；3.按年龄计算：适用于剂量幅度大、无需精确计算的药物；4.按成人剂量折算：小儿剂量=成人剂量×小儿体重（kg）/50（适用于成人50kg体重时）。</b><hr>解析：略,儿科学_疾病治疗原则
3.简述儿科病历中个人史的内容。（简答题）<br><br>,<b>正确答案：略</b><hr>解析：略,儿科学_疾病治疗原则
1.正常婴儿每日需要热量____kcal/kg，水分____ml/kg。（填空题）<br><br>,<b>正确答案：110、150</b><hr>解析：略,儿科学_营养和营养障碍性疾病
2.混合喂养的两种方法是：____和____。（填空题）<br><br>,<b>正确答案：补授法、代授法</b><hr>解析：略,儿科学_营养和营养障碍性疾病
3.维生素D缺乏性佝偻病在胸部的骨骼畸形常见的有____、____、____、____。（填空题）<br><br>,<b>正确答案：鸡胸、漏斗胸、肋膈沟、肋骨串珠</b><hr>解析：略,儿科学_营养和营养障碍性疾病
4.维生素D缺乏性手足搐搦症的典型表现是____、____、____。（填空题）<br><br>,<b>正确答案：惊厥、手足搐搦、喉痉挛</b><hr>解析：略,儿科学_营养和营养障碍性疾病
38.维生素D缺乏性佝偻病时肌肉松弛肌张力降低的原因是<br><br>A.糖代谢障碍<br>B.脂肪代谢障碍<br>C.蛋白质代谢障碍<br>D.磷代谢障碍<br>E.钙代谢障碍,<b>正确答案：A</b><hr>解析：略,儿科学_营养和营养障碍性疾病
39.佝偻病患儿口服维生素D治疗何时可改为预防量口服<br><br>A.半年以后<br>B.5个月以后<br>C.3个月以后<br>D.2个月以后<br>E.1个月以后,<b>正确答案：E</b><hr>解析：略,儿科学_营养和营养障碍性疾病
40.维生素D缺乏性佝偻病激期血生化的特点是<br><br>A.血清钙正常，血清磷降低，碱性磷酸酶降低<br>B.血清钙降低，血清磷降低，碱性磷酸酶增高<br>C.血清钙降低，血清磷正常，碱性磷酸酶增高<br>D.血清钙降低，血清磷增高，碱性磷酸酶降低<br>E.血清钙正常，血清磷降低，碱性磷酸酶增高,<b>正确答案：B</b><hr>解析：略,儿科学_营养和营养障碍性疾病
41.患儿，男，生后1周，系35周早产儿。出生体重2.3kg，出生无异常。生后母乳喂养，食欲较佳，二便正常。目前体重为2.4kg，家长来儿保门诊咨询有关补充维生素D开始时间及剂量，以下哪项最合适<br><br>A.应立即开始，每天用维生素D400IU<br>B.应立即开始，每天用维生素D800IU<br>C.再过1周后添加，每天用维生素D400IU<br>D.再过1周后添加，每天用维生素D800IU<br>E.再过2周后添加，每天用维生素D400IU,<b>正确答案：B</b><hr>解析：略,儿科学_营养和营养障碍性疾病
42.患儿3个月，自出生后未加辅食，体重6kg，夜间经常哭吵，睡眠不实，近2天反复多次抽搐，抽后吃奶正常，不发热，首先应作的必要检查是<br><br>A.腰穿<br>B.血钙、磷<br>C.脑电图<br>D.血常规<br>E.脑CT,<b>正确答案：B</b><hr>解析：略,儿科学_营养和营养障碍性疾病
"43.患儿，1岁半，食欲差，智力落后，出牙2颗，身高70cm，前囟1cm，家人要求补钙治疗。你认为应首先做下列哪项检查最有助于诊断<br><br>A.25-(OH)D3测定<br>B.Ca、P、AKP<br>C.1,25-(OH)2D3<br>D.T3、T4、TSH<br>E.摄左腕X线骨片",<b>正确答案：A</b><hr>解析：略,儿科学_营养和营养障碍性疾病
44.5个月母乳喂养儿，生长发育良好。现母乳量略有不足，正确的做法是<br><br>A.改为混合喂养<br>B.改为人工喂养<br>C.改为部分母乳喂养<br>D.继续母乳喂养，并开始添加辅食<br>E.改为人工喂养，并开始添加辅食,<b>正确答案：D</b><hr>解析：略,儿科学_营养和营养障碍性疾病
45.4个月人工喂养儿，体重6kg，每日需总液体量及能量分别是<br><br>A.总液体量660ml，能量660kcal<br>B.总液体量900ml，能量660kcal<br>C.总液体量900ml，能量880kcal<br>D.总液体量1200ml，能量660kcal<br>E.总液体量1200ml，能量880kcal,<b>正确答案：B</b><hr>解析：略,儿科学_营养和营养障碍性疾病
46.患儿，男，4个月，生后人工喂养，未添加辅食，母孕期有频发小腿抽搐史。近半月来夜惊多汗，半小时前突然双眼上窜，面肌抽动约1分钟，自止。急诊体检时患儿突然抽搐，面色发绀，对刺激无反应，心肺腹无特殊发现。首先应给予的急救处理和确诊的检查是<br><br>A.给氧和检查血钙<br>B.止痉和检查佝偻病体征<br>C.止痉和检查血钙<br>D.钙剂和检查佝偻病体征<br>E.钙剂和脑脊液检查,<b>正确答案：C</b><hr>解析：略,儿科学_营养和营养障碍性疾病
47.患儿，男，6个月，母乳喂养，未加辅食，近1个月来易惊、多汗、夜间睡眠不安，今晨突发惊厥1次，持续约1分钟，自行缓解，醒后精神可，体温正常。查：血钙7mg/dl，血磷5mmol/L（4.5mg/dl）。最可能的惊厥原因是<br><br>A.脑积水，脑发育不良<br>B.低血糖症发作<br>C.癫痫<br>D.低钙血症<br>E.高热惊厥,<b>正确答案：D</b><hr>解析：略,儿科学_营养和营养障碍性疾病
48.患儿，女，4个月，冬季出生，足月顺产，单纯牛奶喂养，近半月来较烦躁，夜间睡眠不好。门诊体检时特别应注意的体征是<br><br>A.方颅<br>B.颅骨软化<br>C.串珠肋<br>D.鸡胸<br>E.“O”形腿,<b>正确答案：B</b><hr>解析：略,儿科学_营养和营养障碍性疾病
49.患儿，男，8个月。平日多汗，两日来间断抽搐就诊，发作时意识丧失，两眼上翻，手足紧握抽动，可自行缓解入睡，醒后精神可，最适宜的处理是<br><br>A.补钙→止惊→补维生素D<br>B.止惊→补钙→补维生素D<br>C.补维生素D→补钙→止惊<br>D.止惊→补维生素D→补钙<br>E.补钙→补维生素D→止惊,<b>正确答案：B</b><hr>解析：略,儿科学_营养和营养障碍性疾病
50.1岁半小儿，有肋骨串珠、肋膈沟、手镯及脚镯征，下肢为O型腿，长骨X线片干骺端呈毛刷状及杯口状改变。最可能的诊断是<br><br>A.软骨营养不良<br>B.佝偻病初期<br>C.佝偻病激期<br>D.佝偻病恢复期<br>E.佝偻病后遗症期,<b>正确答案：C</b><hr>解析：略,儿科学_营养和营养障碍性疾病
51.患儿，男，1岁半。因“发热、咳嗽3天”收入院。此前其因“肺炎”已住院3次。查体：呼吸急促，前囟1.5cm，平软，可见方颅，鸡胸，肋骨串珠及郝氏沟，双肺底可闻细湿啰音，腹软，下肢呈中度X形腿。此患儿诊断为（共用题干）<br><br>A.支气管肺炎，佝偻病初期<br>B.支气管肺炎，佝偻病激期<br>C.支气管肺炎，佝偻病后遗症期<br>D.支气管炎，佝偻病后遗症期<br>E.支气管炎，佝偻病初期,<b>正确答案：B</b><hr>解析：略,儿科学_营养和营养障碍性疾病
52.患儿，男，1岁半。因“发热、咳嗽3天”收入院。此前其因“肺炎”已住院3次。查体：呼吸急促，前囟1.5cm，平软，可见方颅，鸡胸，肋骨串珠及郝氏沟，双肺底可闻细湿啰音，腹软，下肢呈中度X形腿。患儿的治疗为（共用题干）<br><br>A.口服鱼肝油<br>B.口服锌<br>C.口服钙<br>D.肌注维生素D<br>E.静滴维生素D,<b>正确答案：D</b><hr>解析：略,儿科学_营养和营养障碍性疾病
53.患儿6个月，早产儿，出生体重2200克，母乳喂养，现体重8kg，家长发现孩子多汗、夜惊，体检患儿前囟大，方头、肋串珠。最可能的诊断是（共用题干）<br><br>A.先天性甲状腺功能低下<br>B.软骨营养不良<br>C.维生素A缺乏<br>D.维生素D缺乏性佝偻病<br>E.营养不良,<b>正确答案：D</b><hr>解析：略,儿科学_营养和营养障碍性疾病
54.患儿6个月，早产儿，出生体重2200克，母乳喂养，现体重8kg，家长发现孩子多汗、夜惊，体检患儿前囟大，方头、肋串珠。最可能的病因是（共用题干）<br><br>A.日照不足<br>B.生长过速<br>C.慢性腹泻<br>D.药物影响<br>E.母乳喂养,<b>正确答案：B</b><hr>解析：略,儿科学_营养和营养障碍性疾病
55.患儿6个月，早产儿，出生体重2200克，母乳喂养，现体重8kg，家长发现孩子多汗、夜惊，体检患儿前囟大，方头、肋串珠。最有诊断价值的实验室指标是（共用题干）<br><br>A.碱性磷酸酶升高<br>B.血钙、血磷下降<br>C.甲状旁腺素升高<br>D.促甲状腺素下降<br>E.25-(OH)D3下降,<b>正确答案：E</b><hr>解析：略,儿科学_营养和营养障碍性疾病
56.患儿6个月，早产儿，出生体重2200克，母乳喂养，现体重8kg，家长发现孩子多汗、夜惊，体检患儿前囟大，方头、肋串珠。该患儿的治疗原则是（共用题干）<br><br>A.补充维生素D+钙剂<br>B.单纯补充维生素D<br>C.单纯补充钙剂<br>D.补充铁剂<br>E.补充锌剂,<b>正确答案：A</b><hr>解析：略,儿科学_营养和营养障碍性疾病
57.患儿6个月，早产儿，出生体重2200克，母乳喂养，现体重8kg，家长发现孩子多汗、夜惊，体检患儿前囟大，方头、肋串珠。若该患儿出现惊厥，首选的急救措施是（共用题干）<br><br>A.静注钙剂<br>B.静注甘露醇<br>C.肌注维生素D3<br>D.静注高渗葡萄糖<br>E.肌注硫酸镁,<b>正确答案：A</b><hr>解析：略,儿科学_营养和营养障碍性疾病
58.患儿6个月，早产儿，出生体重2200克，母乳喂养，现体重8kg，家长发现孩子多汗、夜惊，体检患儿前囟大，方头、肋串珠。该患儿口服维生素D的剂量应为（共用题干）<br><br>A.400IU/d<br>B.800IU/d<br>C.1000IU/d<br>D.2000IU/d<br>E.4000IU/d,<b>正确答案：E</b><hr>解析：略,儿科学_营养和营养障碍性疾病
59.患儿6个月，早产儿，出生体重2200克，母乳喂养，现体重8kg，家长发现孩子多汗、夜惊，体检患儿前囟大，方头、肋串珠。治疗1个月后，患儿症状改善，复查血钙、磷正常，下一步治疗是（共用题干）<br><br>A.停用维生素D<br>B.改为预防量维生素D（400IU/d）<br>C.继续原剂量维生素D<br>D.改为肌注维生素D3<br>E.补充钙剂至2岁,<b>正确答案：B</b><hr>解析：略,儿科学_营养和营养障碍性疾病
60.患儿6个月，早产儿，出生体重2200克，母乳喂养，现体重8kg，家长发现孩子多汗、夜惊，体检患儿前囟大，方头、肋串珠。针对该患儿的护理措施，错误的是（共用题干）<br><br>A.多晒太阳<br>B.加强户外活动<br>C.合理添加辅食<br>D.避免久坐、久站<br>E.立即补充足量钙剂,<b>正确答案：E</b><hr>解析：略,儿科学_营养和营养障碍性疾病
66.患儿，男，4个月，生后人工喂养，未添加辅食，母孕期有频发小腿抽搐史。近半月来夜惊多汗，半小时前突然双眼上窜，面肌抽动约1分钟，自止。急诊体检时患儿突然抽搐，面色发绀，对刺激无反应，心肺腹无特殊发现。为明确抽搐原因，应首选查（共用题干）<br><br>A.血常规<br>B.血糖<br>C.血钙、磷及镁<br>D.脑脊液常规<br>E.头颅CT或MRI检查,<b>正确答案：C</b><hr>解析：略,儿科学_营养和营养障碍性疾病
67.患儿，男，4个月，生后人工喂养，未添加辅食，母孕期有频发小腿抽搐史。近半月来夜惊多汗，半小时前突然双眼上窜，面肌抽动约1分钟，自止。急诊体检时患儿突然抽搐，面色发绀，对刺激无反应，心肺腹无特殊发现。若该患儿仍反复抽搐，应给予（共用题干）<br><br>A.静滴钙剂<br>B.静注高渗葡萄糖<br>C.肌注维生素D3<br>D.静注甘露醇<br>E.肌注硫酸镁,<b>正确答案：A</b><hr>解析：略,儿科学_营养和营养障碍性疾病
1.16个月婴儿，人工喂养，已添加米粉、蛋等辅食。平日患儿易激惹、睡眠不安、多汗。查体：营养中等，方颅，头发稀疏，有枕秃，尚未出牙，前囟2cm×2cm，平软，胸廓可见肋膈沟，心肺听诊正常，其余查体无异常发现。（1）其惊厥的原因最可能是什么？（2）要进一步确诊还要做什么检查？（3）写出初步诊断及诊断依据。（4）给出治疗措施。（病例分析）<br><br>,<b>正确答案：（1）维生素D缺乏性手足搐搦症（低钙惊厥）；（2）检查血钙、磷、碱性磷酸酶、25-(OH)D3、腕部X线片；（3）初步诊断：维生素D缺乏性佝偻病（激期）、维生素D缺乏性手足搐搦症。诊断依据：①人工喂养，未及时添加维生素D丰富辅食，很少户外活动；②易激惹、睡眠不安、多汗、枕秃、方颅、前囟大、肋膈沟、未出牙等佝偻病表现；③突发惊厥，无发热，抽搐后神志清醒；（4）治疗措施：①急救处理：保持呼吸道通畅，吸氧，立即静注10%葡萄糖酸钙（稀释后缓慢推注），必要时重复；②补充维生素D：口服或肌注维生素D，通常为20万~40万IU，1个月后改为预防量（400IU/d）；③补充钙剂：口服钙剂，如葡萄糖酸钙、碳酸钙等；④饮食调整：增加富含维生素D和钙的食物，如鱼肝油、蛋黄、牛奶等；⑤健康教育：增加户外活动，多晒太阳，合理喂养。</b><hr>解析：略,儿科学_营养和营养障碍性疾病
2.患儿，男，7个月，人工喂养，已添加米粉。近半月来较烦躁，夜间睡眠不好，多汗。查体：营养中等，方颅，头发稀疏，有枕秃，尚未出牙，前囟2cm×2cm，平软，胸廓可见肋膈沟，心肺听诊正常，其余查体无异常发现。（1）写出初步诊断及诊断依据。（2）要进一步确诊还要做什么检查？（3）给出治疗措施。（病例分析）<br><br>,<b>正确答案：（1）初步诊断：维生素D缺乏性佝偻病（激期）。诊断依据：①人工喂养，未及时添加维生素D丰富辅食；②烦躁、睡眠不安、多汗、枕秃、方颅、前囟大、肋膈沟等临床表现；（2）检查血钙、磷、碱性磷酸酶、25-(OH)D3、腕部X线片；（3）治疗措施：①补充维生素D：口服维生素D，每日2000~4000IU，连服1个月后改为预防量（400IU/d），或肌注维生素D3 20万~40万IU，必要时1个月后重复一次；②补充钙剂：口服钙剂，如葡萄糖酸钙、碳酸钙等；③饮食调整：增加富含维生素D和钙的食物，如鱼肝油、蛋黄、牛奶等；④健康教育：增加户外活动，多晒太阳，合理喂养，按时添加辅食。</b><hr>解析：略,儿科学_营养和营养障碍性疾病
1.早产儿（名词解释）<br><br>,<b>正确答案：胎龄<37周（<259天）的新生儿</b><hr>解析：略,儿科学_新生儿与新生儿疾病
2.高危儿（名词解释）<br><br>,<b>正确答案：指已发生或可能发生危重疾病而需要监护的新生儿</b><hr>解析：略,儿科学_新生儿与新生儿疾病
3.生理性黄疸（名词解释）<br><br>,<b>正确答案：又称非病理性高胆红素血症，指新生儿期胆红素代谢异常，超出了人体的代谢能力，引起体内胆红素水平升高，导致皮肤、黏膜及其他脏器黄染</b><hr>解析：略,儿科学_新生儿与新生儿疾病
1.足月儿是指<br><br>A.胎龄>28周至40周的新生儿<br>B.胎龄>28周至<37周的新生儿<br>C.胎龄≥37周至<42周的新生儿<br>D.胎龄为第37周的新生儿<br>E.胎龄<38周的新生儿,<b>正确答案：C</b><hr>解析：略,儿科学_新生儿与新生儿疾病
2.早产儿是指<br><br>A.胎龄>28周至40周的新生儿<br>B.胎龄>28周至<37周的新生儿<br>C.胎龄≥37周至<42周的新生儿<br>D.胎龄为第37周的新生儿<br>E.胎龄<38周的新生儿,<b>正确答案：B</b><hr>解析：略,儿科学_新生儿与新生儿疾病
3.正常新生儿生理性体重下降的时间和程度是<br><br>A.生后1周内暂时性体重下降10~15%<br>B.生后1周内暂时性体重下降9%<br>C.生后1~2周内暂时性体重下降10%~15%<br>D.生后1~2周内暂时性体重下降9%<br>E.生后7~10天内暂时性体重下降10%,<b>正确答案：B</b><hr>解析：略,儿科学_新生儿与新生儿疾病
4.正常出生体重儿出生1小时内体重在<br><br>A.1000g~2000g之间<br>B.1000g~3000g之间<br>C.2000g~4000g之间<br>D.2500g~4000g之间<br>E.2500g~5000g之间,<b>正确答案：D</b><hr>解析：略,儿科学_新生儿与新生儿疾病
5.早产儿体温调节功能差，体温的维持主要依靠<br><br>A.适宜的环境温度<br>B.足够的母乳吸入<br>C.自发的肢体活动<br>D.肌肉的收缩产热（寒战）<br>E.棕色脂肪的产热作用,<b>正确答案：E</b><hr>解析：略,儿科学_新生儿与新生儿疾病
6.高危儿的定义应除外<br><br>A.高危妊娠孕妇分娩的新生儿<br>B.异常分娩和剖宫产儿<br>C.有疾病的新生儿<br>D.出生Apgar评分≤7分的新生儿<br>E.孕妇过去有死胎、流产史,<b>正确答案：E</b><hr>解析：略,儿科学_新生儿与新生儿疾病
7.关于早产儿的特点，正确的是<br><br>A.皮肤毳毛多<br>B.足底纹理多<br>C.乳腺有结节<br>D.头发分条清楚<br>E.指甲达到指尖,<b>正确答案：A</b><hr>解析：略,儿科学_新生儿与新生儿疾病
8.正常足月儿宜在生后何时开奶<br><br>A.半小时<br>B.1小时<br>C.2小时<br>D.3小时<br>E.6小时,<b>正确答案：A</b><hr>解析：略,儿科学_新生儿与新生儿疾病
9.在新生儿下列哪种现象为正常的<br><br>A.生后24小时后出现黄疸<br>B.拥抱反射阳性<br>C.生后36小时心率180次/分<br>D.颈强直阳性<br>E.觅食反射阴性,<b>正确答案：B</b><hr>解析：略,儿科学_新生儿与新生儿疾病
10.新生儿神经反射检查，下列哪项属正常的<br><br>A.颈强直阳性<br>B.拥抱反射阳性<br>C.握持反射阴性<br>D.吸吮反射阴性<br>E.觅食反射阴性,<b>正确答案：B</b><hr>解析：略,儿科学_新生儿与新生儿疾病
11.早产儿易有以下并发症，除了<br><br>A.低血糖<br>B.先天畸形<br>C.呼吸暂停<br>D.肺透明膜病<br>E.围生期窒息,<b>正确答案：B</b><hr>解析：略,儿科学_新生儿与新生儿疾病
12.下列哪项不是新生儿特殊的生理状态<br><br>A.红臀<br>B.马牙<br>C.假月经<br>D.乳腺增大<br>E.生理性黄疸,<b>正确答案：A</b><hr>解析：略,儿科学_新生儿与新生儿疾病
13.关于新生儿的特点，正确的是<br><br>A.体液免疫功能较完善<br>B.肾小球滤过率高，浓缩功能好<br>C.消化道面积较小，肠壁通透性较差<br>D.呼吸快，节律规则，心率波动大<br>E.体温调节中枢不健全，体表面积相对小，不易散热,<b>正确答案：D</b><hr>解析：略,儿科学_新生儿与新生儿疾病
14.早产儿有呼吸暂停，主要是因为<br><br>A.膈肌位置高<br>B.肋间肌肌力弱<br>C.肺泡数量相对少<br>D.肺泡表面活性物质少<br>E.呼吸中枢相对不成熟,<b>正确答案：E</b><hr>解析：略,儿科学_新生儿与新生儿疾病
15.母体的免疫球蛋白能通过胎盘转移给胎儿的是<br><br>A.IgA<br>B.IgD<br>C.IgE<br>D.IgG<br>E.IgM,<b>正确答案：D</b><hr>解析：略,儿科学_新生儿与新生儿疾病
16.早产儿病室适宜的温、湿度为<br><br>A.20~22℃，55%~65%<br>B.22~24℃，55%~65%<br>C.24~26℃，55%~65%<br>D.26~28℃，55%~65%<br>E.28~30℃，55%~65%,<b>正确答案：D</b><hr>解析：略,儿科学_新生儿与新生儿疾病
1.先天性甲状腺功能减低症（名词解释）<br><br>,<b>正确答案：简称先天性甲减，是由于甲状腺激素合成不足或其受体缺陷所造成的一种疾病</b><hr>解析：略,儿科学_内分泌疾病
1.先天性甲状腺功能减低症根据病因分为____和____。（填空题）<br><br>,<b>正确答案：散发性先天性甲减、地方性先天性甲减</b><hr>解析：略,儿科学_内分泌疾病
2.早期发现先天性甲状腺功能减低症患儿最有效的措施为开展____工作。（填空题）<br><br>,<b>正确答案：新生儿筛查</b><hr>解析：略,儿科学_内分泌疾病
1.散发性先天性甲状腺功能减退症的最主要原因是<br><br>A.甲状腺不发育或发育不全<br>B.甲状腺素合成途径中酶缺陷<br>C.促甲状腺激素缺陷<br>D.母亲有自身免疫性疾病<br>E.孕妇饮食中缺碘,<b>正确答案：A</b><hr>解析：略,儿科学_内分泌疾病
2.4个月婴儿疑诊甲状腺功能减退症，下列检查最具诊断意义的是<br><br>A.T4、TSH测定<br>B.腕关节摄片<br>C.测基础代谢<br>D.测血清胆固醇<br>E.试验性治疗,<b>正确答案：A</b><hr>解析：略,儿科学_内分泌疾病
3.下列不符合散发性甲状腺功能减退症的临床表现的是<br><br>A.智力低下<br>B.腹大，有脐疝<br>C.眼睑水肿，眼距宽<br>D.口唇厚，舌外伸<br>E.身材矮小，但全身比例匀称,<b>正确答案：E</b><hr>解析：略,儿科学_内分泌疾病
4.先天性甲状腺功能减低症，在新生儿筛查时测定的是<br><br>A.TRH<br>B.T3、T4<br>C.游离T3、游离T4<br>D.TSH<br>E.游离T3、游离T4、TSH,<b>正确答案：D</b><hr>解析：略,儿科学_内分泌疾病
5.不符合先天性甲状腺功能减低症的是<br><br>A.生理性黄疸延长<br>B.反应低下<br>C.腹胀便秘<br>D.出生体重正常新生儿<br>E.低体温,<b>正确答案：D</b><hr>解析：略,儿科学_内分泌疾病
6.关于先天性甲状腺功能减低症的治疗，错误的是<br><br>A.诊断后尽快用甲状腺素治疗<br>B.用药后精神食欲好转，即可减量<br>C.血清T4、TSH可作为调节用药的参考<br>D.甲状腺素治疗时，应注意适当补充营养<br>E.用药后如有烦躁不安、多汗消瘦时宜减量,<b>正确答案：B</b><hr>解析：略,儿科学_内分泌疾病
7.先天性甲状腺功能减低症新生儿筛查采血标本的时间应是出生后<br><br>A.1天内<br>B.2天~3天<br>C.4天~5天<br>D.6天~7天<br>E.8天~9天,<b>正确答案：B</b><hr>解析：略,儿科学_内分泌疾病
8.先天性甲状腺功能减低症神经系统最突出的表现是<br><br>A.惊厥<br>B.易激惹<br>C.神经反射迟钝<br>D.智力发育低下<br>E.运动发育障碍,<b>正确答案：D</b><hr>解析：略,儿科学_内分泌疾病
9.散发性呆小症的临床特点中，哪项不正确<br><br>A.身材矮小，躯干长，四肢短<br>B.低鼻梁、眼距宽、舌体宽厚、伸出口外<br>C.骨龄正常<br>D.喂养困难、腹胀便秘<br>E.怕冷、低体温、四肢凉,<b>正确答案：C</b><hr>解析：略,儿科学_内分泌疾病
10.先天性甲状腺功能低下服用甲状腺素制剂最重要的原则是<br><br>A.尽快用甲状腺素<br>B.小剂量开始，根据T4及TSH调整剂量<br>C.年龄加大剂量加大<br>D.有甲亢表现时应适当减量<br>E.终身用药,<b>正确答案：E</b><hr>解析：略,儿科学_内分泌疾病
11.患儿男，2岁。因身材矮小就诊，10个月会坐，近1岁10个月会走，平时少哭多睡，食欲差，常便秘，体检：头大，前囟未闭，乳齿2个，反应较迟钝，喜伸舌，皮肤较粗糙，心肺无特殊发现。对该患儿首先应做的检查是<br><br>A.智商测定<br>B.染色体检查<br>C.脑CT检查<br>D.血钙、血磷测定<br>E.T3、T4、TSH测定,<b>正确答案：E</b><hr>解析：略,儿科学_内分泌疾病
12.患儿，9岁。身高103cm，四肢短而躯干相对较长，皮肤粗糙，胫前有水肿，智力低下，腕骨骨化中心3个，T31.4mmol/L，T435mmol/L（正常51~180mmol/L），TSH60U/ml（正常<10U/ml），可能的诊断是<br><br>A.先天性愚型<br>B.垂体性侏儒<br>C.散发性甲状腺功能减退症<br>D.黏多糖病Ⅰ型<br>E.软骨发育不良,<b>正确答案：C</b><hr>解析：略,儿科学_内分泌疾病
13.患儿，4个月。因表情较呆滞，舌大而厚，喜伸舌来门诊，经甲状腺功能测定和甲状腺显像，诊断为先天性甲状腺功能减退症，病因为异位甲状腺。医生分析该患儿预后错误的是<br><br>A.新生儿期开始治疗，智能和体格发育基本正常<br>B.诊断后立即给予突击量甲状腺素，预后较好<br>C.治疗开始越早，效果越好<br>D.生后3个月开始治疗，智力可能有一定程度异常<br>E.异位甲状腺所致者预后最好,<b>正确答案：B</b><hr>解析：略,儿科学_内分泌疾病
14.男婴，足月儿，25天龄，出生体重4100g，生后母乳喂养困难。T35℃，P100次/分，R30次/分，皮肤黄染未退，少哭多睡，腹胀明显，大便秘结。诊断为先天性甲状腺功能减低症。该患儿拍膝关节片最可能的改变是（共用题干）<br><br>A.干骺端毛刷样改变<br>B.无骨化中心出现<br>C.骨皮质变薄，骨质疏松<br>D.病理性骨折<br>E.干骺端增宽，骨化中心有包埋现象,<b>正确答案：B</b><hr>解析：略,儿科学_内分泌疾病
15.男婴，足月儿，25天龄，出生体重4100g，生后母乳喂养困难。T35℃，P100次/分，R30次/分，皮肤黄染未退，少哭多睡，腹胀明显，大便秘结。诊断为先天性甲状腺功能减低症。首选的药物是（共用题干）<br><br>A.甲状腺素制剂<br>B.碘剂<br>C.碘剂及甲状腺素制剂<br>D.维生素D制剂及钙剂<br>E.无特殊治疗,<b>正确答案：A</b><hr>解析：略,儿科学_内分泌疾病
16.男婴，足月儿，25天龄，出生体重4100g，生后母乳喂养困难。T35℃，P100次/分，R30次/分，皮肤黄染未退，少哭多睡，腹胀明显，大便秘结。诊断为先天性甲状腺功能减低症。若在用甲状腺素治疗期间患儿出现发热、烦躁、多汗、消瘦，应考虑（共用题干）<br><br>A.加服钙剂<br>B.加服铁剂<br>C.立即停用甲状腺素<br>D.治疗的正常反应，无需处理<br>E.甲状腺素剂量过大，宜适当减量,<b>正确答案：E</b><hr>解析：略,儿科学_内分泌疾病
1.21-三体综合征的染色体异常按核型可分为____、____、____，最常见的是____。（填空题）<br><br>,<b>正确答案：标准型、易位型、嵌合型、标准型</b><hr>解析：略,儿科学_遗传性疾病
1.21-三体综合征临床特征中，错误的是<br><br>A.智力发育障碍、体格发育迟缓<br>B.面容特殊，眼距宽、眼外侧上斜<br>C.四肢短，皮肤粗糙，毛发干燥稀疏<br>D.小指短，向内弯曲，通贯手<br>E.常伴有先天性心脏病、白血病、隐睾等,<b>正确答案：C</b><hr>解析：略,儿科学_遗传性疾病
2.苯丙酮尿症的主要临床特征不包括<br><br>A.特殊面容、智能落后、肤色异常和多发畸形<br>B.身矮、智能落后、皮肤粗糙<br>C.头发黄、眼蓝色、惊厥、智能落后<br>D.面容丑陋、耳聋、多发骨畸形<br>E.肥胖、身矮、肝大、低血糖,<b>正确答案：E</b><hr>解析：略,儿科学_遗传性疾病
3.关于苯丙酮尿症的饮食治疗，错误的是<br><br>A.饮食疗法开始得越早，效果越好<br>B.生后一经确诊应立即开始饮食治疗<br>C.最理想的饮食为无苯氨酸饮食<br>D.治疗中应定期检查血苯丙氨酸水平<br>E.饮食控制至少需持续到青春期后,<b>正确答案：C</b><hr>解析：略,儿科学_遗传性疾病
4.苯丙酮尿症最突出的特点是<br><br>A.智力低下<br>B.皮肤白皙<br>C.肌张力增高<br>D.毛发呈黄褐色<br>E.尿和汗液有鼠尿味,<b>正确答案：E</b><hr>解析：略,儿科学_遗传性疾病
5.苯丙酮尿症的确诊主要依据是<br><br>A.智力低下<br>B.尿三氯化铁试验阳性<br>C.DNA分析<br>D.血中苯丙氨酸明显升高<br>E.癫痫发作,<b>正确答案：D</b><hr>解析：略,儿科学_遗传性疾病
6.典型苯丙酮尿症的发病机理为<br><br>A.苯丙氨酸羟化酶缺陷<br>B.四氢生物蝶呤生成不足<br>C.酪氨酸羟化酶受抑制<br>D.脑内5-羟色胺不足<br>E.二氢生物蝶呤还原酶先天缺陷,<b>正确答案：A</b><hr>解析：略,儿科学_遗传性疾病
7.苯丙酮尿症的遗传方式为<br><br>A.常染色体隐性遗传<br>B.常染色体显性遗传<br>C.X连锁显性遗传<br>D.X连锁隐性遗传<br>E.X连锁不完全显性遗传,<b>正确答案：A</b><hr>解析：略,儿科学_遗传性疾病
8.21-三体综合征与先天性甲状腺功能减低症的特征不同的是<br><br>A.舌常伸出口外<br>B.眼距宽<br>C.鼻梁低平<br>D.两眼外侧上斜<br>E.智力落后,<b>正确答案：D</b><hr>解析：略,儿科学_遗传性疾病
9.苯丙酮尿症治疗的主要目的是<br><br>A.使头发及皮肤颜色转为正常<br>B.减少尿臭味<br>C.控制惊厥<br>D.减少皮肤湿疹<br>E.防止智力落后,<b>正确答案：E</b><hr>解析：略,儿科学_遗传性疾病
10.21-三体综合征最常见的伴发畸形是<br><br>A.消化道畸形<br>B.先天性心脏病<br>C.肾脏畸形<br>D.多指（趾）畸形<br>E.唇腭裂,<b>正确答案：B</b><hr>解析：略,儿科学_遗传性疾病
11.治疗苯丙酮尿症时低苯丙氨酸饮食至少应维持到何时<br><br>A.学龄前期以后<br>B.学龄期后<br>C.青春期后<br>D.成人<br>E.终身控制,<b>正确答案：C</b><hr>解析：略,儿科学_遗传性疾病
12.小儿最常见的常染色体病是<br><br>A.苯丙酮尿症<br>B.肝豆状核变性<br>C.21-三体综合征<br>D.系统性红斑狼疮<br>E.先天性甲状腺功能减低症,<b>正确答案：C</b><hr>解析：略,儿科学_遗传性疾病
13.患儿，女，5岁，门诊诊断为21-三体综合征，其核型分析为46，XX，t（14q，21q），最可能属于下列哪种染色体畸变所致<br><br>A.染色体重叠<br>B.染色体缺失<br>C.染色体倒位<br>D.染色体重复<br>E.染色体易位,<b>正确答案：E</b><hr>解析：略,儿科学_遗传性疾病
14.患儿，女，3个月，以“哭闹后青紫”就诊。查体：精神呆板，眼距宽，双眼外侧上斜，四肢短，肌张力低，心尖部2~3级收缩期杂音，腹软，肝脾不大。胸部X线检查提示心脏无扩大。入院初诊为<br><br>A.先天性心脏病<br>B.21-三体综合征<br>C.呆小病<br>D.苯丙酮尿症<br>E.垂体发育异常,<b>正确答案：B</b><hr>解析：略,儿科学_遗传性疾病
15.患儿3岁，反复发生上呼吸道感染。体查：眼距宽，鼻梁低，耳小，胸骨左缘第2肋间可闻及Ⅱ级收缩期吹风样杂音，双侧手掌皮纹为通贯手，X线检查腕部骨化中心2个，下列哪项检查最有诊断意义<br><br>A.血清T3、T4测定<br>B.血清苯丙氨酸浓度测定<br>C.染色体检查<br>D.131碘吸收率测定<br>E.头部CT,<b>正确答案：C</b><hr>解析：略,儿科学_遗传性疾病
16.患儿，女，1岁。父母亲为表兄妹结婚，生后外表与常人无异，5月龄后头发渐变棕色，以后颜色更浅，眼珠在4个月后也由黑色变棕色，至今不能独坐，不会叫爸爸、妈妈，曾有过一次惊厥，尿呈鼠尿味，尿三氯化铁试验呈阳性。最可能的诊断是（共用题干）<br><br>A.白化病<br>B.脑白质营养不良症<br>C.甲状腺功能减退<br>D.糖原累积症<br>E.苯丙酮尿症,<b>正确答案：E</b><hr>解析：略,儿科学_遗传性疾病
17.患儿，女，1岁。父母亲为表兄妹结婚，生后外表与常人无异，5月龄后头发渐变棕色，以后颜色更浅，眼珠在4个月后也由黑色变棕色，至今不能独坐，不会叫爸爸、妈妈，曾有过一次惊厥，尿呈鼠尿味，尿三氯化铁试验呈阳性。确诊的首选检查是（共用题干）<br><br>A.测定血糖<br>B.测定血苯丙氨酸浓度<br>C.染色体检查<br>D.测定血酪氨酸值<br>E.肝脏活检病理学检查,<b>正确答案：B</b><hr>解析：略,儿科学_遗传性疾病
18.患儿，女，1岁。父母亲为表兄妹结婚，生后外表与常人无异，5月龄后头发渐变棕色，以后颜色更浅，眼珠在4个月后也由黑色变棕色，至今不能独坐，不会叫爸爸、妈妈，曾有过一次惊厥，尿呈鼠尿味，尿三氯化铁试验呈阳性。确诊后应（共用题干）<br><br>A.立即进行低苯丙氨酸饮食治疗并至少维持至青春期以后<br>B.立即进行无苯丙氨酸饮食治疗<br>C.立即进行低苯丙氨酸饮食治疗至症状消失<br>D.立即进行低苯丙氨酸饮食治疗并维持至学龄前期<br>E.治疗用无苯丙氨酸饮食到青春期后，否则对日后智能仍有损害,<b>正确答案：A</b><hr>解析：略,儿科学_遗传性疾病
19.21-三体综合征对应的特征是（共用备选答案：A.特殊面容、智能落后、通贯手 B.皮肤白皙、毛发黄、尿鼠尿味 C.身材矮小、躯干长、四肢短、智力低下）<br><br>A.特殊面容、智能落后、通贯手<br>B.皮肤白皙、毛发黄、尿鼠尿味<br>C.身材矮小、躯干长、四肢短、智力低下,<b>正确答案：A</b><hr>解析：略,儿科学_遗传性疾病
20.苯丙酮尿症对应的特征是（共用备选答案：A.特殊面容、智能落后、通贯手 B.皮肤白皙、毛发黄、尿鼠尿味 C.身材矮小、躯干长、四肢短、智力低下）<br><br>A.特殊面容、智能落后、通贯手<br>B.皮肤白皙、毛发黄、尿鼠尿味<br>C.身材矮小、躯干长、四肢短、智力低下,<b>正确答案：B</b><hr>解析：略,儿科学_遗传性疾病
21.先天性甲状腺功能减低症对应的特征是（共用备选答案：A.特殊面容、智能落后、通贯手 B.皮肤白皙、毛发黄、尿鼠尿味 C.身材矮小、躯干长、四肢短、智力低下）<br><br>A.特殊面容、智能落后、通贯手<br>B.皮肤白皙、毛发黄、尿鼠尿味<br>C.身材矮小、躯干长、四肢短、智力低下,<b>正确答案：C</b><hr>解析：略,儿科学_遗传性疾病
